adm_nm	adm_cd	adm_cd2	sgg	sido	sidonm	emd1	sggnm	emd2	선관위읍면동이름	OhRatio
서울특별시 종로구 청운효자동	1101072	1111051500	11110	11	서울특별시	종로구 청운효자동	종로구	청운효자동	청운효자동	0.502526954
서울특별시 종로구 사직동	1101053	1111053000	11110	11	서울특별시	종로구 사직동	종로구	사직동	사직동	0.610321008
서울특별시 종로구 삼청동	1101054	1111054000	11110	11	서울특별시	종로구 삼청동	종로구	삼청동	삼청동	0.585023401
서울특별시 종로구 부암동	1101055	1111055000	11110	11	서울특별시	종로구 부암동	종로구	부암동	부암동	0.543207312
서울특별시 종로구 평창동	1101056	1111056000	11110	11	서울특별시	종로구 평창동	종로구	평창동	평창동	0.637843666
서울특별시 종로구 무악동	1101057	1111057000	11110	11	서울특별시	종로구 무악동	종로구	무악동	무악동	0.57026524
서울특별시 종로구 교남동	1101058	1111058000	11110	11	서울특별시	종로구 교남동	종로구	교남동	교남동	0.586928347
서울특별시 종로구 가회동	1101060	1111060000	11110	11	서울특별시	종로구 가회동	종로구	가회동	가회동	0.511752577
서울특별시 종로구 종로1·2·3·4가동	1101061	1111061500	11110	11	서울특별시	종로구 종로1·2·3·4가동	종로구	종로1·2·3·4가동	종로1·2·3·4가동	0.563061667
서울특별시 종로구 종로5·6가동	1101063	1111063000	11110	11	서울특별시	종로구 종로5·6가동	종로구	종로5·6가동	종로5·6가동	0.56851312
서울특별시 종로구 이화동	1101064	1111064000	11110	11	서울특별시	종로구 이화동	종로구	이화동	이화동	0.500902294
서울특별시 종로구 혜화동	1101073	1111065000	11110	11	서울특별시	종로구 혜화동	종로구	혜화동	혜화동	0.543524668
서울특별시 종로구 창신1동	1101067	1111067000	11110	11	서울특별시	종로구 창신1동	종로구	창신1동	창신제1동	0.494772218
서울특별시 종로구 창신2동	1101068	1111068000	11110	11	서울특별시	종로구 창신2동	종로구	창신2동	창신제2동	0.479329911
서울특별시 종로구 창신3동	1101069	1111069000	11110	11	서울특별시	종로구 창신3동	종로구	창신3동	창신제3동	0.518474374
서울특별시 종로구 숭인1동	1101070	1111070000	11110	11	서울특별시	종로구 숭인1동	종로구	숭인1동	숭인제1동	0.51981268
서울특별시 종로구 숭인2동	1101071	1111071000	11110	11	서울특별시	종로구 숭인2동	종로구	숭인2동	숭인제2동	0.49715505
서울특별시 중구 소공동	1102052	1114052000	11140	11	서울특별시	중구 소공동	중구	소공동	소공동	0.598240469
서울특별시 중구 회현동	1102054	1114054000	11140	11	서울특별시	중구 회현동	중구	회현동	회현동	0.640577175
서울특별시 중구 명동	1102055	1114055000	11140	11	서울특별시	중구 명동	중구	명동	명동	0.596761758
서울특별시 중구 필동	1102057	1114057000	11140	11	서울특별시	중구 필동	중구	필동	필동	0.545492662
서울특별시 중구 장충동	1102058	1114058000	11140	11	서울특별시	중구 장충동	중구	장충동	장충동	0.539502401
서울특별시 중구 광희동	1102059	1114059000	11140	11	서울특별시	중구 광희동	중구	광희동	광희동	0.629876308
서울특별시 중구 을지로동	1102060	1114060500	11140	11	서울특별시	중구 을지로동	중구	을지로동	을지로동	0.592061742
서울특별시 중구 신당동	1102069	1114061500	11140	11	서울특별시	중구 신당동	중구	신당동	신당동	0.547769029
서울특별시 중구 다산동	1102070	1114062500	11140	11	서울특별시	중구 다산동	중구	다산동	다산동	0.536585366
서울특별시 중구 약수동	1102071	1114063500	11140	11	서울특별시	중구 약수동	중구	약수동	약수동	0.595137655
서울특별시 중구 청구동	1102072	1114064500	11140	11	서울특별시	중구 청구동	중구	청구동	청구동	0.577104751
서울특별시 중구 신당5동	1102065	1114065000	11140	11	서울특별시	중구 신당5동	중구	신당5동	신당제5동	0.527636141
서울특별시 중구 동화동	1102073	1114066500	11140	11	서울특별시	중구 동화동	중구	동화동	동화동	0.576786714
서울특별시 중구 황학동	1102067	1114067000	11140	11	서울특별시	중구 황학동	중구	황학동	황학동	0.539748201
서울특별시 중구 중림동	1102068	1114068000	11140	11	서울특별시	중구 중림동	중구	중림동	중림동	0.569853546
서울특별시 용산구 후암동	1103051	1117051000	11170	11	서울특별시	용산구 후암동	용산구	후암동	후암동	0.520726652
서울특별시 용산구 용산2가동	1103052	1117052000	11170	11	서울특별시	용산구 용산2가동	용산구	용산2가동	용산2가동	0.524647887
서울특별시 용산구 남영동	1103053	1117053000	11170	11	서울특별시	용산구 남영동	용산구	남영동	남영동	0.530693596
서울특별시 용산구 청파동	1103071	1117055500	11170	11	서울특별시	용산구 청파동	용산구	청파동	청파동	0.511791579
서울특별시 용산구 원효로1동	1103072	1117056000	11170	11	서울특별시	용산구 원효로1동	용산구	원효로1동	원효로제1동	0.613196815
서울특별시 용산구 원효로2동	1103057	1117057000	11170	11	서울특별시	용산구 원효로2동	용산구	원효로2동	원효로제2동	0.588157118
서울특별시 용산구 효창동	1103058	1117058000	11170	11	서울특별시	용산구 효창동	용산구	효창동	효창동	0.567983289
서울특별시 용산구 용문동	1103059	1117059000	11170	11	서울특별시	용산구 용문동	용산구	용문동	용문동	0.564339112
서울특별시 용산구 한강로동	1103073	1117062500	11170	11	서울특별시	용산구 한강로동	용산구	한강로동	한강로동	0.710058045
서울특별시 용산구 이촌1동	1103063	1117063000	11170	11	서울특별시	용산구 이촌1동	용산구	이촌1동	이촌제1동	0.786254342
서울특별시 용산구 이촌2동	1103064	1117064000	11170	11	서울특별시	용산구 이촌2동	용산구	이촌2동	이촌제2동	0.661130285
서울특별시 용산구 이태원1동	1103065	1117065000	11170	11	서울특별시	용산구 이태원1동	용산구	이태원1동	이태원제1동	0.668272125
서울특별시 용산구 이태원2동	1103066	1117066000	11170	11	서울특별시	용산구 이태원2동	용산구	이태원2동	이태원제2동	0.60810163
서울특별시 용산구 한남동	1103074	1117068500	11170	11	서울특별시	용산구 한남동	용산구	한남동	한남동	0.687357631
서울특별시 용산구 서빙고동	1103069	1117069000	11170	11	서울특별시	용산구 서빙고동	용산구	서빙고동	서빙고동	0.748901546
서울특별시 용산구 보광동	1103070	1117070000	11170	11	서울특별시	용산구 보광동	용산구	보광동	보광동	0.592805979
서울특별시 성동구 왕십리2동	1104052	1120052000	11200	11	서울특별시	성동구 왕십리2동	성동구	왕십리2동	왕십리제2동	0.531288344
서울특별시 성동구 왕십리도선동	1104071	1120053500	11200	11	서울특별시	성동구 왕십리도선동	성동구	왕십리도선동	왕십리도선동	0.606392191
서울특별시 성동구 마장동	1104054	1120054000	11200	11	서울특별시	성동구 마장동	성동구	마장동	마장동	0.556347032
서울특별시 성동구 사근동	1104055	1120055000	11200	11	서울특별시	성동구 사근동	성동구	사근동	사근동	0.584251653
서울특별시 성동구 행당1동	1104056	1120056000	11200	11	서울특별시	성동구 행당1동	성동구	행당1동	행당제1동	0.603078983
서울특별시 성동구 행당2동	1104057	1120057000	11200	11	서울특별시	성동구 행당2동	성동구	행당2동	행당제2동	0.588190637
서울특별시 성동구 응봉동	1104058	1120058000	11200	11	서울특별시	성동구 응봉동	성동구	응봉동	응봉동	0.595704118
서울특별시 성동구 금호1가동	1104059	1120059000	11200	11	서울특별시	성동구 금호1가동	성동구	금호1가동	금호1가동	0.595891355
서울특별시 성동구 금호2·3가동	1104072	1120061500	11200	11	서울특별시	성동구 금호2·3가동	성동구	금호2·3가동	금호2·3가동	0.585175553
서울특별시 성동구 금호4가동	1104062	1120062000	11200	11	서울특별시	성동구 금호4가동	성동구	금호4가동	금호4가동	0.609939557
서울특별시 성동구 옥수동	1104073	1120064500	11200	11	서울특별시	성동구 옥수동	성동구	옥수동	옥수동	0.685876993
서울특별시 성동구 성수1가1동	1104065	1120065000	11200	11	서울특별시	성동구 성수1가1동	성동구	성수1가1동	성수1가제1동	0.641783374
서울특별시 성동구 성수1가2동	1104066	1120066000	11200	11	서울특별시	성동구 성수1가2동	성동구	성수1가2동	성수1가제2동	0.591340206
서울특별시 성동구 성수2가1동	1104067	1120067000	11200	11	서울특별시	성동구 성수2가1동	성동구	성수2가1동	성수2가제1동	0.615686275
서울특별시 성동구 성수2가3동	1104068	1120069000	11200	11	서울특별시	성동구 성수2가3동	성동구	성수2가3동	성수2가제3동	0.609552557
서울특별시 성동구 송정동	1104069	1120072000	11200	11	서울특별시	성동구 송정동	성동구	송정동	송정동	0.548191512
서울특별시 성동구 용답동	1104070	1120079000	11200	11	서울특별시	성동구 용답동	성동구	용답동	용답동	0.50461716
서울특별시 광진구 화양동	1105053	1121571000	11215	11	서울특별시	광진구 화양동	광진구	화양동	화양동	0.557940831
서울특별시 광진구 군자동	1105054	1121573000	11215	11	서울특별시	광진구 군자동	광진구	군자동	군자동	0.531366145
서울특별시 광진구 중곡1동	1105055	1121574000	11215	11	서울특별시	광진구 중곡1동	광진구	중곡1동	중곡제1동	0.500699888
서울특별시 광진구 중곡2동	1105056	1121575000	11215	11	서울특별시	광진구 중곡2동	광진구	중곡2동	중곡제2동	0.51495462
서울특별시 광진구 중곡3동	1105057	1121576000	11215	11	서울특별시	광진구 중곡3동	광진구	중곡3동	중곡제3동	0.527415852
서울특별시 광진구 중곡4동	1105058	1121577000	11215	11	서울특별시	광진구 중곡4동	광진구	중곡4동	중곡제4동	0.52297516
서울특별시 광진구 능동	1105059	1121578000	11215	11	서울특별시	광진구 능동	광진구	능동	능동	0.51073779
서울특별시 광진구 광장동	1105063	1121581000	11215	11	서울특별시	광진구 광장동	광진구	광장동	광장동	0.642696485
서울특별시 광진구 자양1동	1105064	1121582000	11215	11	서울특별시	광진구 자양1동	광진구	자양1동	자양제1동	0.535239483
서울특별시 광진구 자양2동	1105065	1121583000	11215	11	서울특별시	광진구 자양2동	광진구	자양2동	자양제2동	0.58274782
서울특별시 광진구 자양3동	1105066	1121584000	11215	11	서울특별시	광진구 자양3동	광진구	자양3동	자양제3동	0.643120474
서울특별시 광진구 자양4동	1105067	1121584700	11215	11	서울특별시	광진구 자양4동	광진구	자양4동	자양제4동	0.59171996
서울특별시 광진구 구의1동	1105060	1121585000	11215	11	서울특별시	광진구 구의1동	광진구	구의1동	구의제1동	0.521222724
서울특별시 광진구 구의2동	1105061	1121586000	11215	11	서울특별시	광진구 구의2동	광진구	구의2동	구의제2동	0.52853598
서울특별시 광진구 구의3동	1105062	1121587000	11215	11	서울특별시	광진구 구의3동	광진구	구의3동	구의제3동	0.632369438
서울특별시 동대문구 용신동	1106081	1123053600	11230	11	서울특별시	동대문구 용신동	동대문구	용신동	용신동	0.545534279
서울특별시 동대문구 제기동	1106082	1123054500	11230	11	서울특별시	동대문구 제기동	동대문구	제기동	제기동	0.582893524
서울특별시 동대문구 전농1동	1106083	1123056000	11230	11	서울특별시	동대문구 전농1동	동대문구	전농1동	전농제1동	0.567226267
서울특별시 동대문구 전농2동	1106084	1123057000	11230	11	서울특별시	동대문구 전농2동	동대문구	전농2동	전농제2동	0.562998719
서울특별시 동대문구 답십리1동	1106091	1123060000	11230	11	서울특별시	동대문구 답십리1동	동대문구	답십리1동	답십리제1동	0.570269085
서울특별시 동대문구 답십리2동	1106086	1123061000	11230	11	서울특별시	동대문구 답십리2동	동대문구	답십리2동	답십리제2동	0.550662396
서울특별시 동대문구 장안1동	1106087	1123065000	11230	11	서울특별시	동대문구 장안1동	동대문구	장안1동	장안제1동	0.541234206
서울특별시 동대문구 장안2동	1106088	1123066000	11230	11	서울특별시	동대문구 장안2동	동대문구	장안2동	장안제2동	0.54500194
서울특별시 동대문구 청량리동	1106080	1123070500	11230	11	서울특별시	동대문구 청량리동	동대문구	청량리동	청량리동	0.606545749
서울특별시 동대문구 회기동	1106071	1123071000	11230	11	서울특별시	동대문구 회기동	동대문구	회기동	회기동	0.572829132
서울특별시 동대문구 휘경1동	1106072	1123072000	11230	11	서울특별시	동대문구 휘경1동	동대문구	휘경1동	휘경제1동	0.568896695
서울특별시 동대문구 휘경2동	1106073	1123073000	11230	11	서울특별시	동대문구 휘경2동	동대문구	휘경2동	휘경제2동	0.570536713
서울특별시 동대문구 이문1동	1106089	1123074000	11230	11	서울특별시	동대문구 이문1동	동대문구	이문1동	이문제1동	0.577486236
서울특별시 동대문구 이문2동	1106090	1123075000	11230	11	서울특별시	동대문구 이문2동	동대문구	이문2동	이문제2동	0.541032497
서울특별시 중랑구 면목2동	1107052	1126052000	11260	11	서울특별시	중랑구 면목2동	중랑구	면목2동	면목제2동	0.527097551
서울특별시 중랑구 면목4동	1107054	1126054000	11260	11	서울특별시	중랑구 면목4동	중랑구	면목4동	면목제4동	0.517641703
서울특별시 중랑구 면목5동	1107055	1126055000	11260	11	서울특별시	중랑구 면목5동	중랑구	면목5동	면목제5동	0.505050505
서울특별시 중랑구 면목본동	1107071	1126056500	11260	11	서울특별시	중랑구 면목본동	중랑구	면목본동	면목본동	0.518064784
서울특별시 중랑구 면목7동	1107057	1126057000	11260	11	서울특별시	중랑구 면목7동	중랑구	면목7동	면목제7동	0.532360097
서울특별시 중랑구 면목3·8동	1107072	1126057500	11260	11	서울특별시	중랑구 면목3·8동	중랑구	면목3·8동	면목제3·8동	0.534639801
서울특별시 중랑구 상봉1동	1107059	1126058000	11260	11	서울특별시	중랑구 상봉1동	중랑구	상봉1동	상봉제1동	0.542296369
서울특별시 중랑구 상봉2동	1107060	1126059000	11260	11	서울특별시	중랑구 상봉2동	중랑구	상봉2동	상봉제2동	0.520255369
서울특별시 중랑구 중화1동	1107061	1126060000	11260	11	서울특별시	중랑구 중화1동	중랑구	중화1동	중화제1동	0.523139041
서울특별시 중랑구 중화2동	1107062	1126061000	11260	11	서울특별시	중랑구 중화2동	중랑구	중화2동	중화제2동	0.513655775
서울특별시 중랑구 묵1동	1107064	1126062000	11260	11	서울특별시	중랑구 묵1동	중랑구	묵1동	묵제1동	0.548124803
서울특별시 중랑구 묵2동	1107065	1126063000	11260	11	서울특별시	중랑구 묵2동	중랑구	묵2동	묵제2동	0.527557343
서울특별시 중랑구 망우본동	1107073	1126065500	11260	11	서울특별시	중랑구 망우본동	중랑구	망우본동	망우본동	0.574034639
서울특별시 중랑구 망우3동	1107068	1126066000	11260	11	서울특별시	중랑구 망우3동	중랑구	망우3동	망우제3동	0.520326256
서울특별시 중랑구 신내1동	1107069	1126068000	11260	11	서울특별시	중랑구 신내1동	중랑구	신내1동	신내제1동	0.541787083
서울특별시 중랑구 신내2동	1107070	1126069000	11260	11	서울특별시	중랑구 신내2동	중랑구	신내2동	신내제2동	0.514055024
서울특별시 성북구 성북동	1108081	1129052500	11290	11	서울특별시	성북구 성북동	성북구	성북동	성북동	0.518136558
서울특별시 성북구 삼선동	1108082	1129055500	11290	11	서울특별시	성북구 삼선동	성북구	삼선동	삼선동	0.499108301
서울특별시 성북구 동선동	1108083	1129057500	11290	11	서울특별시	성북구 동선동	성북구	동선동	동선동	0.48282226
서울특별시 성북구 돈암1동	1108058	1129058000	11290	11	서울특별시	성북구 돈암1동	성북구	돈암1동	돈암제1동	0.546985599
서울특별시 성북구 돈암2동	1108059	1129059000	11290	11	서울특별시	성북구 돈암2동	성북구	돈암2동	돈암제2동	0.562860836
서울특별시 성북구 안암동	1108060	1129060000	11290	11	서울특별시	성북구 안암동	성북구	안암동	안암동	0.56349095
서울특별시 성북구 보문동	1108061	1129061000	11290	11	서울특별시	성북구 보문동	성북구	보문동	보문동	0.52531456
서울특별시 성북구 정릉1동	1108062	1129062000	11290	11	서울특별시	성북구 정릉1동	성북구	정릉1동	정릉제1동	0.531411029
서울특별시 성북구 정릉2동	1108063	1129063000	11290	11	서울특별시	성북구 정릉2동	성북구	정릉2동	정릉제2동	0.528159277
서울특별시 성북구 정릉3동	1108064	1129064000	11290	11	서울특별시	성북구 정릉3동	성북구	정릉3동	정릉제3동	0.550224888
서울특별시 성북구 정릉4동	1108065	1129065000	11290	11	서울특별시	성북구 정릉4동	성북구	정릉4동	정릉제4동	0.523464515
서울특별시 성북구 길음1동	1108066	1129066000	11290	11	서울특별시	성북구 길음1동	성북구	길음1동	길음제1동	0.54702553
서울특별시 성북구 길음2동	1108068	1129068500	11290	11	서울특별시	성북구 길음2동	성북구	길음2동	길음제2동	0.56974056
서울특별시 성북구 종암동	1108084	1129070500	11290	11	서울특별시	성북구 종암동	성북구	종암동	종암동	0.532911392
서울특별시 성북구 월곡1동	1108071	1129071500	11290	11	서울특별시	성북구 월곡1동	성북구	월곡1동	월곡제1동	0.490222362
서울특별시 성북구 월곡2동	1108072	1129072500	11290	11	서울특별시	성북구 월곡2동	성북구	월곡2동	월곡제2동	0.525437865
서울특별시 성북구 장위1동	1108076	1129076000	11290	11	서울특별시	성북구 장위1동	성북구	장위1동	장위제1동	0.539502058
서울특별시 성북구 장위2동	1108077	1129077000	11290	11	서울특별시	성북구 장위2동	성북구	장위2동	장위제2동	0.58437348
서울특별시 성북구 장위3동	1108078	1129078000	11290	11	서울특별시	성북구 장위3동	성북구	장위3동	장위제3동	0.59376672
서울특별시 성북구 석관동	1108085	1129081000	11290	11	서울특별시	성북구 석관동	성북구	석관동	석관동	0.547284614
서울특별시 강북구 삼양동	1109069	1130553400	11305	11	서울특별시	강북구 삼양동	강북구	삼양동	삼양동	0.497934093
서울특별시 강북구 미아동	1109070	1130553500	11305	11	서울특별시	강북구 미아동	강북구	미아동	미아동	0.483844911
서울특별시 강북구 송중동	1109071	1130554500	11305	11	서울특별시	강북구 송중동	강북구	송중동	송중동	0.520363044
서울특별시 강북구 송천동	1109072	1130555500	11305	11	서울특별시	강북구 송천동	강북구	송천동	송천동	0.513637831
서울특별시 강북구 삼각산동	1109073	1130557500	11305	11	서울특별시	강북구 삼각산동	강북구	삼각산동	삼각산동	0.503532261
서울특별시 강북구 번1동	1109060	1130559500	11305	11	서울특별시	강북구 번1동	강북구	번1동	번1동	0.5160972
서울특별시 강북구 번2동	1109061	1130560300	11305	11	서울특별시	강북구 번2동	강북구	번2동	번2동	0.508661619
서울특별시 강북구 번3동	1109062	1130560800	11305	11	서울특별시	강북구 번3동	강북구	번3동	번3동	0.525905493
서울특별시 강북구 수유1동	1109063	1130561500	11305	11	서울특별시	강북구 수유1동	강북구	수유1동	수유1동	0.496084135
서울특별시 강북구 수유2동	1109064	1130562500	11305	11	서울특별시	강북구 수유2동	강북구	수유2동	수유2동	0.544857557
서울특별시 강북구 수유3동	1109065	1130563500	11305	11	서울특별시	강북구 수유3동	강북구	수유3동	수유3동	0.503371418
서울특별시 강북구 우이동	1109074	1130564500	11305	11	서울특별시	강북구 우이동	강북구	우이동	우이동	0.531042479
서울특별시 강북구 인수동	1109075	1130566000	11305	11	서울특별시	강북구 인수동	강북구	인수동	인수동	0.513907889
서울특별시 도봉구 창1동	1110059	1132051100	11320	11	서울특별시	도봉구 창1동	도봉구	창1동	창1동	0.542398439
서울특별시 도봉구 창2동	1110060	1132051200	11320	11	서울특별시	도봉구 창2동	도봉구	창2동	창2동	0.530135301
서울특별시 도봉구 창3동	1110061	1132051300	11320	11	서울특별시	도봉구 창3동	도봉구	창3동	창3동	0.520201174
서울특별시 도봉구 창4동	1110062	1132051400	11320	11	서울특별시	도봉구 창4동	도봉구	창4동	창4동	0.559467702
서울특별시 도봉구 창5동	1110063	1132051500	11320	11	서울특별시	도봉구 창5동	도봉구	창5동	창5동	0.577304065
서울특별시 도봉구 도봉1동	1110064	1132052100	11320	11	서울특별시	도봉구 도봉1동	도봉구	도봉1동	도봉1동	0.545446157
서울특별시 도봉구 도봉2동	1110065	1132052200	11320	11	서울특별시	도봉구 도봉2동	도봉구	도봉2동	도봉2동	0.541532877
서울특별시 도봉구 쌍문1동	1110051	1132066000	11320	11	서울특별시	도봉구 쌍문1동	도봉구	쌍문1동	쌍문1동	0.520357181
서울특별시 도봉구 쌍문2동	1110052	1132067000	11320	11	서울특별시	도봉구 쌍문2동	도봉구	쌍문2동	쌍문2동	0.534719893
서울특별시 도봉구 쌍문3동	1110053	1132068000	11320	11	서울특별시	도봉구 쌍문3동	도봉구	쌍문3동	쌍문3동	0.524206143
서울특별시 도봉구 쌍문4동	1110054	1132068100	11320	11	서울특별시	도봉구 쌍문4동	도봉구	쌍문4동	쌍문4동	0.555776672
서울특별시 도봉구 방학1동	1110055	1132069000	11320	11	서울특별시	도봉구 방학1동	도봉구	방학1동	방학1동	0.560836952
서울특별시 도봉구 방학2동	1110056	1132070000	11320	11	서울특별시	도봉구 방학2동	도봉구	방학2동	방학2동	0.52732712
서울특별시 도봉구 방학3동	1110057	1132071000	11320	11	서울특별시	도봉구 방학3동	도봉구	방학3동	방학3동	0.541849586
서울특별시 노원구 월계1동	1111051	1135056000	11350	11	서울특별시	노원구 월계1동	노원구	월계1동	월계1동	0.566326061
서울특별시 노원구 월계2동	1111052	1135057000	11350	11	서울특별시	노원구 월계2동	노원구	월계2동	월계2동	0.547861178
서울특별시 노원구 월계3동	1111053	1135058000	11350	11	서울특별시	노원구 월계3동	노원구	월계3동	월계3동	0.564162325
서울특별시 노원구 공릉1동	1111079	1135059500	11350	11	서울특별시	노원구 공릉1동	노원구	공릉1동	공릉1동	0.531057319
서울특별시 노원구 공릉2동	1111056	1135060000	11350	11	서울특별시	노원구 공릉2동	노원구	공릉2동	공릉2동	0.54492817
서울특별시 노원구 하계1동	1111058	1135061100	11350	11	서울특별시	노원구 하계1동	노원구	하계1동	하계1동	0.560791112
서울특별시 노원구 하계2동	1111059	1135061200	11350	11	서울특별시	노원구 하계2동	노원구	하계2동	하계2동	0.534626966
서울특별시 노원구 중계본동	1111060	1135061900	11350	11	서울특별시	노원구 중계본동	노원구	중계본동	중계본동	0.534528492
서울특별시 노원구 중계1동	1111061	1135062100	11350	11	서울특별시	노원구 중계1동	노원구	중계1동	중계1동	0.533127278
서울특별시 노원구 중계4동	1111064	1135062400	11350	11	서울특별시	노원구 중계4동	노원구	중계4동	중계4동	0.539474998
서울특별시 노원구 중계2·3동	1111078	1135062500	11350	11	서울특별시	노원구 중계2·3동	노원구	중계2·3동	중계2·3동	0.520352665
서울특별시 노원구 상계1동	1111065	1135063000	11350	11	서울특별시	노원구 상계1동	노원구	상계1동	상계1동	0.546579006
서울특별시 노원구 상계2동	1111066	1135064000	11350	11	서울특별시	노원구 상계2동	노원구	상계2동	상계2동	0.548927417
서울특별시 노원구 상계3·4동	1111076	1135066500	11350	11	서울특별시	노원구 상계3·4동	노원구	상계3·4동	상계3·4동	0.545786633
서울특별시 노원구 상계5동	1111069	1135067000	11350	11	서울특별시	노원구 상계5동	노원구	상계5동	상계5동	0.550520877
서울특별시 노원구 상계6·7동	1111077	1135069500	11350	11	서울특별시	노원구 상계6·7동	노원구	상계6·7동	상계6·7동	0.561882522
서울특별시 노원구 상계8동	1111072	1135070000	11350	11	서울특별시	노원구 상계8동	노원구	상계8동	상계8동	0.521807575
서울특별시 노원구 상계9동	1111073	1135071000	11350	11	서울특별시	노원구 상계9동	노원구	상계9동	상계9동	0.558031481
서울특별시 노원구 상계10동	1111074	1135072000	11350	11	서울특별시	노원구 상계10동	노원구	상계10동	상계10동	0.560574949
서울특별시 은평구 녹번동	1112051	1138051000	11380	11	서울특별시	은평구 녹번동	은평구	녹번동	녹번동	0.529573262
서울특별시 은평구 불광1동	1112052	1138052000	11380	11	서울특별시	은평구 불광1동	은평구	불광1동	불광제1동	0.53710679
서울특별시 은평구 불광2동	1112072	1138053000	11380	11	서울특별시	은평구 불광2동	은평구	불광2동	불광제2동	0.511182863
서울특별시 은평구 갈현1동	1112055	1138055100	11380	11	서울특별시	은평구 갈현1동	은평구	갈현1동	갈현제1동	0.520857586
서울특별시 은평구 갈현2동	1112056	1138055200	11380	11	서울특별시	은평구 갈현2동	은평구	갈현2동	갈현제2동	0.494296881
서울특별시 은평구 구산동	1112057	1138056000	11380	11	서울특별시	은평구 구산동	은평구	구산동	구산동	0.49763373
서울특별시 은평구 대조동	1112058	1138057000	11380	11	서울특별시	은평구 대조동	은평구	대조동	대조동	0.504371495
서울특별시 은평구 응암1동	1112059	1138058000	11380	11	서울특별시	은평구 응암1동	은평구	응암1동	응암제1동	0.501310425
서울특별시 은평구 응암2동	1112060	1138059000	11380	11	서울특별시	은평구 응암2동	은평구	응암2동	응암제2동	0.520510169
서울특별시 은평구 응암3동	1112073	1138060000	11380	11	서울특별시	은평구 응암3동	은평구	응암3동	응암제3동	0.491171477
서울특별시 은평구 역촌동	1112074	1138062500	11380	11	서울특별시	은평구 역촌동	은평구	역촌동	역촌동	0.481579723
서울특별시 은평구 신사1동	1112065	1138063100	11380	11	서울특별시	은평구 신사1동	은평구	신사1동	신사제1동	0.489073881
서울특별시 은평구 신사2동	1112066	1138063200	11380	11	서울특별시	은평구 신사2동	은평구	신사2동	신사제2동	0.51696793
서울특별시 은평구 증산동	1112067	1138064000	11380	11	서울특별시	은평구 증산동	은평구	증산동	증산동	0.535180127
서울특별시 은평구 수색동	1112068	1138065000	11380	11	서울특별시	은평구 수색동	은평구	수색동	수색동	0.576805697
서울특별시 은평구 진관동	1112071	1138069000	11380	11	서울특별시	은평구 진관동	은평구	진관동	진관동	0.52869745
서울특별시 서대문구 천연동	1113052	1141052000	11410	11	서울특별시	서대문구 천연동	서대문구	천연동	천연동	0.550636354
서울특별시 서대문구 북아현동	1113074	1141055500	11410	11	서울특별시	서대문구 북아현동	서대문구	북아현동	북아현동	0.562821112
서울특별시 서대문구 충현동	1113073	1141056500	11410	11	서울특별시	서대문구 충현동	서대문구	충현동	충현동	0.55721562
서울특별시 서대문구 신촌동	1113075	1141058500	11410	11	서울특별시	서대문구 신촌동	서대문구	신촌동	신촌동	0.574912456
서울특별시 서대문구 연희동	1113076	1141061500	11410	11	서울특별시	서대문구 연희동	서대문구	연희동	연희동	0.553477099
서울특별시 서대문구 홍제1동	1113062	1141062000	11410	11	서울특별시	서대문구 홍제1동	서대문구	홍제1동	홍제제1동	0.536964643
서울특별시 서대문구 홍제3동	1113064	1141064000	11410	11	서울특별시	서대문구 홍제3동	서대문구	홍제3동	홍제제2동	0.546939771
서울특별시 서대문구 홍제2동	1113065	1141065500	11410	11	서울특별시	서대문구 홍제2동	서대문구	홍제2동	홍제제3동	0.510678819
서울특별시 서대문구 홍은1동	1113066	1141066000	11410	11	서울특별시	서대문구 홍은1동	서대문구	홍은1동	홍은제1동	0.517881944
서울특별시 서대문구 홍은2동	1113068	1141068500	11410	11	서울특별시	서대문구 홍은2동	서대문구	홍은2동	홍은제2동	0.513527096
서울특별시 서대문구 남가좌1동	1113069	1141069000	11410	11	서울특별시	서대문구 남가좌1동	서대문구	남가좌1동	남가좌제1동	0.56640884
서울특별시 서대문구 남가좌2동	1113070	1141070000	11410	11	서울특별시	서대문구 남가좌2동	서대문구	남가좌2동	남가좌제2동	0.535651279
서울특별시 서대문구 북가좌1동	1113071	1141071000	11410	11	서울특별시	서대문구 북가좌1동	서대문구	북가좌1동	북가좌제1동	0.557249626
서울특별시 서대문구 북가좌2동	1113072	1141072000	11410	11	서울특별시	서대문구 북가좌2동	서대문구	북가좌2동	북가좌제2동	0.501042246
서울특별시 마포구 아현동	1114078	1144055500	11440	11	서울특별시	마포구 아현동	마포구	아현동	아현동	0.63227173
서울특별시 마포구 공덕동	1114077	1144056500	11440	11	서울특별시	마포구 공덕동	마포구	공덕동	공덕동	0.568803991
서울특별시 마포구 도화동	1114075	1144058500	11440	11	서울특별시	마포구 도화동	마포구	도화동	도화동	0.60713709
서울특별시 마포구 용강동	1114059	1144059000	11440	11	서울특별시	마포구 용강동	마포구	용강동	용강동	0.606528736
서울특별시 마포구 대흥동	1114060	1144060000	11440	11	서울특별시	마포구 대흥동	마포구	대흥동	대흥동	0.590186279
서울특별시 마포구 염리동	1114061	1144061000	11440	11	서울특별시	마포구 염리동	마포구	염리동	염리동	0.561914159
서울특별시 마포구 신수동	1114063	1144063000	11440	11	서울특별시	마포구 신수동	마포구	신수동	신수동	0.581323099
서울특별시 마포구 서강동	1114076	1144065500	11440	11	서울특별시	마포구 서강동	마포구	서강동	서강동	0.577145574
서울특별시 마포구 서교동	1114066	1144066000	11440	11	서울특별시	마포구 서교동	마포구	서교동	서교동	0.515913201
서울특별시 마포구 합정동	1114068	1144068000	11440	11	서울특별시	마포구 합정동	마포구	합정동	합정동	0.517284335
서울특별시 마포구 망원1동	1114069	1144069000	11440	11	서울특별시	마포구 망원1동	마포구	망원1동	망원1동	0.484947581
서울특별시 마포구 망원2동	1114070	1144070000	11440	11	서울특별시	마포구 망원2동	마포구	망원2동	망원2동	0.47972028
서울특별시 마포구 연남동	1114071	1144071000	11440	11	서울특별시	마포구 연남동	마포구	연남동	연남동	0.503584455
서울특별시 마포구 성산1동	1114072	1144072000	11440	11	서울특별시	마포구 성산1동	마포구	성산1동	성산1동	0.459261838
서울특별시 마포구 성산2동	1114073	1144073000	11440	11	서울특별시	마포구 성산2동	마포구	성산2동	성산2동	0.522008814
서울특별시 마포구 상암동	1114074	1144074000	11440	11	서울특별시	마포구 상암동	마포구	상암동	상암동	0.544209547
서울특별시 양천구 목1동	1115051	1147051000	11470	11	서울특별시	양천구 목1동	양천구	목1동	목1동	0.648570855
서울특별시 양천구 목2동	1115052	1147052000	11470	11	서울특별시	양천구 목2동	양천구	목2동	목2동	0.534792213
서울특별시 양천구 목3동	1115053	1147053000	11470	11	서울특별시	양천구 목3동	양천구	목3동	목3동	0.557107723
서울특별시 양천구 목4동	1115054	1147054000	11470	11	서울특별시	양천구 목4동	양천구	목4동	목4동	0.547774869
서울특별시 양천구 목5동	1115071	1147055000	11470	11	서울특별시	양천구 목5동	양천구	목5동	목5동	0.69168875
서울특별시 양천구 신월1동	1115057	1147056000	11470	11	서울특별시	양천구 신월1동	양천구	신월1동	신월1동	0.524980784
서울특별시 양천구 신월2동	1115058	1147057000	11470	11	서울특별시	양천구 신월2동	양천구	신월2동	신월2동	0.54618265
서울특별시 양천구 신월3동	1115059	1147058000	11470	11	서울특별시	양천구 신월3동	양천구	신월3동	신월3동	0.514668902
서울특별시 양천구 신월4동	1115060	1147059000	11470	11	서울특별시	양천구 신월4동	양천구	신월4동	신월4동	0.50552868
서울특별시 양천구 신월5동	1115061	1147060000	11470	11	서울특별시	양천구 신월5동	양천구	신월5동	신월5동	0.518578352
서울특별시 양천구 신월6동	1115062	1147061000	11470	11	서울특별시	양천구 신월6동	양천구	신월6동	신월6동	0.548186786
서울특별시 양천구 신월7동	1115063	1147061100	11470	11	서울특별시	양천구 신월7동	양천구	신월7동	신월7동	0.53061431
서울특별시 양천구 신정1동	1115064	1147062000	11470	11	서울특별시	양천구 신정1동	양천구	신정1동	신정1동	0.620778032
서울특별시 양천구 신정2동	1115065	1147063000	11470	11	서울특별시	양천구 신정2동	양천구	신정2동	신정2동	0.566502463
서울특별시 양천구 신정3동	1115066	1147064000	11470	11	서울특별시	양천구 신정3동	양천구	신정3동	신정3동	0.529981217
서울특별시 양천구 신정4동	1115072	1147065000	11470	11	서울특별시	양천구 신정4동	양천구	신정4동	신정4동	0.511003899
서울특별시 양천구 신정6동	1115069	1147067000	11470	11	서울특별시	양천구 신정6동	양천구	신정6동	신정6동	0.669102296
서울특별시 양천구 신정7동	1115070	1147068000	11470	11	서울특별시	양천구 신정7동	양천구	신정7동	신정7동	0.606433949
서울특별시 강서구 염창동	1116051	1150051000	11500	11	서울특별시	강서구 염창동	강서구	염창동	염창동	0.548732507
서울특별시 강서구 등촌1동	1116052	1150052000	11500	11	서울특별시	강서구 등촌1동	강서구	등촌1동	등촌제1동	0.543102692
서울특별시 강서구 등촌2동	1116053	1150053000	11500	11	서울특별시	강서구 등촌2동	강서구	등촌2동	등촌제2동	0.564979071
서울특별시 강서구 등촌3동	1116054	1150053500	11500	11	서울특별시	강서구 등촌3동	강서구	등촌3동	등촌제3동	0.545867991
서울특별시 강서구 화곡1동	1116073	1150054000	11500	11	서울특별시	강서구 화곡1동	강서구	화곡1동	화곡제1동	0.502252364
서울특별시 강서구 화곡2동	1116057	1150055000	11500	11	서울특별시	강서구 화곡2동	강서구	화곡2동	화곡제2동	0.494156021
서울특별시 강서구 화곡3동	1116058	1150056000	11500	11	서울특별시	강서구 화곡3동	강서구	화곡3동	화곡제3동	0.557867684
서울특별시 강서구 화곡4동	1116059	1150057000	11500	11	서울특별시	강서구 화곡4동	강서구	화곡4동	화곡제4동	0.517313171
서울특별시 강서구 화곡본동	1116055	1150059000	11500	11	서울특별시	강서구 화곡본동	강서구	화곡본동	화곡본동	0.479463411
서울특별시 강서구 화곡6동	1116061	1150059100	11500	11	서울특별시	강서구 화곡6동	강서구	화곡6동	화곡제6동	0.556304295
서울특별시 강서구 화곡8동	1116063	1150059300	11500	11	서울특별시	강서구 화곡8동	강서구	화곡8동	화곡제8동	0.463348966
서울특별시 강서구 가양1동	1116064	1150060300	11500	11	서울특별시	강서구 가양1동	강서구	가양1동	가양제1동	0.575468437
서울특별시 강서구 가양2동	1116065	1150060400	11500	11	서울특별시	강서구 가양2동	강서구	가양2동	가양제2동	0.570584062
서울특별시 강서구 가양3동	1116066	1150060500	11500	11	서울특별시	강서구 가양3동	강서구	가양3동	가양제3동	0.538719759
서울특별시 강서구 발산1동	1116067	1150061100	11500	11	서울특별시	강서구 발산1동	강서구	발산1동	발산제1동	0.500632839
서울특별시 강서구 우장산동	1116074	1150061500	11500	11	서울특별시	강서구 우장산동	강서구	우장산동	우장산동	0.584638759
서울특별시 강서구 공항동	1116069	1150062000	11500	11	서울특별시	강서구 공항동	강서구	공항동	공항동	0.541300224
서울특별시 강서구 방화1동	1116070	1150063000	11500	11	서울특별시	강서구 방화1동	강서구	방화1동	방화제1동	0.545751944
서울특별시 강서구 방화2동	1116071	1150064000	11500	11	서울특별시	강서구 방화2동	강서구	방화2동	방화제2동	0.570635816
서울특별시 강서구 방화3동	1116072	1150064100	11500	11	서울특별시	강서구 방화3동	강서구	방화3동	방화제3동	0.554275413
서울특별시 구로구 신도림동	1117051	1153051000	11530	11	서울특별시	구로구 신도림동	구로구	신도림동	신도림동	0.582292608
서울특별시 구로구 구로1동	1117052	1153052000	11530	11	서울특별시	구로구 구로1동	구로구	구로1동	구로제1동	0.532579479
서울특별시 구로구 구로2동	1117071	1153053000	11530	11	서울특별시	구로구 구로2동	구로구	구로2동	구로제2동	0.509264458
서울특별시 구로구 구로3동	1117054	1153054000	11530	11	서울특별시	구로구 구로3동	구로구	구로3동	구로제3동	0.440538117
서울특별시 구로구 구로4동	1117055	1153055000	11530	11	서울특별시	구로구 구로4동	구로구	구로4동	구로제4동	0.494649601
서울특별시 구로구 구로5동	1117056	1153056000	11530	11	서울특별시	구로구 구로5동	구로구	구로5동	구로제5동	0.52319273
서울특별시 구로구 가리봉동	1117070	1153059500	11530	11	서울특별시	구로구 가리봉동	구로구	가리봉동	가리봉동	0.503112314
서울특별시 구로구 고척1동	1117061	1153072000	11530	11	서울특별시	구로구 고척1동	구로구	고척1동	고척제1동	0.555402615
서울특별시 구로구 고척2동	1117062	1153073000	11530	11	서울특별시	구로구 고척2동	구로구	고척2동	고척제2동	0.53553892
서울특별시 구로구 개봉1동	1117072	1153074000	11530	11	서울특별시	구로구 개봉1동	구로구	개봉1동	개봉제1동	0.55169598
서울특별시 구로구 개봉2동	1117064	1153075000	11530	11	서울특별시	구로구 개봉2동	구로구	개봉2동	개봉제2동	0.540704004
서울특별시 구로구 개봉3동	1117065	1153076000	11530	11	서울특별시	구로구 개봉3동	구로구	개봉3동	개봉제3동	0.524079612
서울특별시 구로구 오류1동	1117067	1153077000	11530	11	서울특별시	구로구 오류1동	구로구	오류1동	오류제1동	0.545099085
서울특별시 구로구 오류2동	1117073	1153078000	11530	11	서울특별시	구로구 오류2동	구로구	오류2동	오류제2동	0.526606426
서울특별시 구로구 수궁동	1117069	1153079000	11530	11	서울특별시	구로구 수궁동	구로구	수궁동	수궁동	0.585066485
서울특별시 구로구 항동	1117074	1153080000	11530	11	서울특별시	구로구 항동	구로구	항동	항동	0.473439318
서울특별시 금천구 가산동	1118051	1154551000	11545	11	서울특별시	금천구 가산동	금천구	가산동	가산동	0.477873355
서울특별시 금천구 독산1동	1118052	1154561000	11545	11	서울특별시	금천구 독산1동	금천구	독산1동	독산제1동	0.522854852
서울특별시 금천구 독산2동	1118053	1154562000	11545	11	서울특별시	금천구 독산2동	금천구	독산2동	독산제2동	0.500876314
서울특별시 금천구 독산3동	1118054	1154563000	11545	11	서울특별시	금천구 독산3동	금천구	독산3동	독산제3동	0.494687353
서울특별시 금천구 독산4동	1118055	1154564000	11545	11	서울특별시	금천구 독산4동	금천구	독산4동	독산제4동	0.495300484
서울특별시 금천구 시흥1동	1118057	1154567000	11545	11	서울특별시	금천구 시흥1동	금천구	시흥1동	시흥제1동	0.545137725
서울특별시 금천구 시흥2동	1118058	1154568000	11545	11	서울특별시	금천구 시흥2동	금천구	시흥2동	시흥제2동	0.534968542
서울특별시 금천구 시흥3동	1118059	1154569000	11545	11	서울특별시	금천구 시흥3동	금천구	시흥3동	시흥제3동	0.526214945
서울특별시 금천구 시흥4동	1118060	1154570000	11545	11	서울특별시	금천구 시흥4동	금천구	시흥4동	시흥제4동	0.523262301
서울특별시 금천구 시흥5동	1118061	1154571000	11545	11	서울특별시	금천구 시흥5동	금천구	시흥5동	시흥제5동	0.52161003
서울특별시 영등포구 영등포본동	1119073	1156051500	11560	11	서울특별시	영등포구 영등포본동	영등포구	영등포본동	영등포본동	0.559915457
서울특별시 영등포구 영등포동	1119074	1156053500	11560	11	서울특별시	영등포구 영등포동	영등포구	영등포동	영등포동	0.578835227
서울특별시 영등포구 여의동	1119054	1156054000	11560	11	서울특별시	영등포구 여의동	영등포구	여의동	여의동	0.765556602
서울특별시 영등포구 당산1동	1119055	1156055000	11560	11	서울특별시	영등포구 당산1동	영등포구	당산1동	당산제1동	0.560878931
서울특별시 영등포구 당산2동	1119056	1156056000	11560	11	서울특별시	영등포구 당산2동	영등포구	당산2동	당산제2동	0.611029929
서울특별시 영등포구 도림동	1119075	1156058500	11560	11	서울특별시	영등포구 도림동	영등포구	도림동	도림동	0.525520064
서울특별시 영등포구 문래동	1119076	1156060500	11560	11	서울특별시	영등포구 문래동	영등포구	문래동	문래동	0.561679947
서울특별시 영등포구 양평1동	1119061	1156061000	11560	11	서울특별시	영등포구 양평1동	영등포구	양평1동	양평제1동	0.528076605
서울특별시 영등포구 양평2동	1119062	1156062000	11560	11	서울특별시	영등포구 양평2동	영등포구	양평2동	양평제2동	0.545530493
서울특별시 영등포구 신길1동	1119063	1156063000	11560	11	서울특별시	영등포구 신길1동	영등포구	신길1동	신길제1동	0.538975215
서울특별시 영등포구 신길3동	1119065	1156065000	11560	11	서울특별시	영등포구 신길3동	영등포구	신길3동	신길제3동	0.568938606
서울특별시 영등포구 신길4동	1119066	1156066000	11560	11	서울특별시	영등포구 신길4동	영등포구	신길4동	신길제4동	0.562015504
서울특별시 영등포구 신길5동	1119067	1156067000	11560	11	서울특별시	영등포구 신길5동	영등포구	신길5동	신길제5동	0.5648
서울특별시 영등포구 신길6동	1119068	1156068000	11560	11	서울특별시	영등포구 신길6동	영등포구	신길6동	신길제6동	0.564982491
서울특별시 영등포구 신길7동	1119069	1156069000	11560	11	서울특별시	영등포구 신길7동	영등포구	신길7동	신길제7동	0.636773225
서울특별시 영등포구 대림1동	1119070	1156070000	11560	11	서울특별시	영등포구 대림1동	영등포구	대림1동	대림제1동	0.540616246
서울특별시 영등포구 대림2동	1119071	1156071000	11560	11	서울특별시	영등포구 대림2동	영등포구	대림2동	대림제2동	0.523343242
서울특별시 영등포구 대림3동	1119072	1156072000	11560	11	서울특별시	영등포구 대림3동	영등포구	대림3동	대림제3동	0.534074974
서울특별시 동작구 노량진1동	1120072	1159051000	11590	11	서울특별시	동작구 노량진1동	동작구	노량진1동	노량진제1동	0.587399588
서울특별시 동작구 노량진2동	1120052	1159052000	11590	11	서울특별시	동작구 노량진2동	동작구	노량진2동	노량진제2동	0.540945633
서울특별시 동작구 상도1동	1120053	1159053000	11590	11	서울특별시	동작구 상도1동	동작구	상도1동	상도제1동	0.593382592
서울특별시 동작구 상도2동	1120054	1159054000	11590	11	서울특별시	동작구 상도2동	동작구	상도2동	상도제2동	0.595395962
서울특별시 동작구 상도3동	1120055	1159055000	11590	11	서울특별시	동작구 상도3동	동작구	상도3동	상도제3동	0.482822449
서울특별시 동작구 상도4동	1120056	1159056000	11590	11	서울특별시	동작구 상도4동	동작구	상도4동	상도제4동	0.507705263
서울특별시 동작구 흑석동	1120071	1159060500	11590	11	서울특별시	동작구 흑석동	동작구	흑석동	흑석동	0.649639572
서울특별시 동작구 사당1동	1120063	1159062000	11590	11	서울특별시	동작구 사당1동	동작구	사당1동	사당제1동	0.510366972
서울특별시 동작구 사당2동	1120073	1159063000	11590	11	서울특별시	동작구 사당2동	동작구	사당2동	사당제2동	0.605469287
서울특별시 동작구 사당3동	1120065	1159064000	11590	11	서울특별시	동작구 사당3동	동작구	사당3동	사당제3동	0.600231367
서울특별시 동작구 사당4동	1120066	1159065000	11590	11	서울특별시	동작구 사당4동	동작구	사당4동	사당제4동	0.502361992
서울특별시 동작구 사당5동	1120067	1159065100	11590	11	서울특별시	동작구 사당5동	동작구	사당5동	사당제5동	0.533690133
서울특별시 동작구 대방동	1120068	1159066000	11590	11	서울특별시	동작구 대방동	동작구	대방동	대방동	0.553601882
서울특별시 동작구 신대방1동	1120069	1159067000	11590	11	서울특별시	동작구 신대방1동	동작구	신대방1동	신대방제1동	0.571186441
서울특별시 동작구 신대방2동	1120070	1159068000	11590	11	서울특별시	동작구 신대방2동	동작구	신대방2동	신대방제2동	0.538080495
서울특별시 관악구 보라매동	1121052	1162052500	11620	11	서울특별시	관악구 보라매동	관악구	보라매동	보라매동	0.500904486
서울특별시 관악구 청림동	1121054	1162054500	11620	11	서울특별시	관악구 청림동	관악구	청림동	청림동	0.535870623
서울특별시 관악구 성현동	1121079	1162056500	11620	11	서울특별시	관악구 성현동	관악구	성현동	성현동	0.513600109
서울특별시 관악구 행운동	1121057	1162057500	11620	11	서울특별시	관악구 행운동	관악구	행운동	행운동	0.49861121
서울특별시 관악구 낙성대동	1121058	1162058500	11620	11	서울특별시	관악구 낙성대동	관악구	낙성대동	낙성대동	0.514600909
서울특별시 관악구 청룡동	1121080	1162059500	11620	11	서울특별시	관악구 청룡동	관악구	청룡동	청룡동	0.503104456
서울특별시 관악구 은천동	1121078	1162060500	11620	11	서울특별시	관악구 은천동	관악구	은천동	은천동	0.494889862
서울특별시 관악구 중앙동	1121061	1162061500	11620	11	서울특별시	관악구 중앙동	관악구	중앙동	중앙동	0.476088202
서울특별시 관악구 인헌동	1121062	1162062500	11620	11	서울특별시	관악구 인헌동	관악구	인헌동	인헌동	0.494207293
서울특별시 관악구 남현동	1121063	1162063000	11620	11	서울특별시	관악구 남현동	관악구	남현동	남현동	0.54410441
서울특별시 관악구 서원동	1121064	1162064500	11620	11	서울특별시	관악구 서원동	관악구	서원동	서원동	0.493863422
서울특별시 관악구 신원동	1121065	1162065500	11620	11	서울특별시	관악구 신원동	관악구	신원동	신원동	0.492073097
서울특별시 관악구 서림동	1121066	1162066500	11620	11	서울특별시	관악구 서림동	관악구	서림동	서림동	0.519682605
서울특별시 관악구 신사동	1121068	1162068500	11620	11	서울특별시	관악구 신사동	관악구	신사동	신사동	0.500052659
서울특별시 관악구 신림동	1121069	1162069500	11620	11	서울특별시	관악구 신림동	관악구	신림동	신림동	0.490302104
서울특별시 관악구 난향동	1121071	1162071500	11620	11	서울특별시	관악구 난향동	관악구	난향동	난향동	0.49993415
서울특별시 관악구 조원동	1121072	1162072500	11620	11	서울특별시	관악구 조원동	관악구	조원동	조원동	0.520523574
서울특별시 관악구 대학동	1121073	1162073500	11620	11	서울특별시	관악구 대학동	관악구	대학동	대학동	0.514818182
서울특별시 관악구 삼성동	1121082	1162074500	11620	11	서울특별시	관악구 삼성동	관악구	삼성동	삼성동	0.504438472
서울특별시 관악구 미성동	1121083	1162076500	11620	11	서울특별시	관악구 미성동	관악구	미성동	미성동	0.539170826
서울특별시 관악구 난곡동	1121081	1162077500	11620	11	서울특별시	관악구 난곡동	관악구	난곡동	난곡동	0.500254151
서울특별시 서초구 서초1동	1122051	1165051000	11650	11	서울특별시	서초구 서초1동	서초구	서초1동	서초1동	0.704758371
서울특별시 서초구 서초2동	1122052	1165052000	11650	11	서울특별시	서초구 서초2동	서초구	서초2동	서초2동	0.739268825
서울특별시 서초구 서초3동	1122053	1165053000	11650	11	서울특별시	서초구 서초3동	서초구	서초3동	서초3동	0.71420765
서울특별시 서초구 서초4동	1122054	1165053100	11650	11	서울특별시	서초구 서초4동	서초구	서초4동	서초4동	0.805322402
서울특별시 서초구 잠원동	1122055	1165054000	11650	11	서울특별시	서초구 잠원동	서초구	잠원동	잠원동	0.778973035
서울특별시 서초구 반포본동	1122056	1165055000	11650	11	서울특별시	서초구 반포본동	서초구	반포본동	반포본동	0.760364465
서울특별시 서초구 반포1동	1122057	1165056000	11650	11	서울특별시	서초구 반포1동	서초구	반포1동	반포1동	0.744258309
서울특별시 서초구 반포2동	1122058	1165057000	11650	11	서울특별시	서초구 반포2동	서초구	반포2동	반포2동	0.839407191
서울특별시 서초구 반포3동	1122059	1165058000	11650	11	서울특별시	서초구 반포3동	서초구	반포3동	반포3동	0.810673873
서울특별시 서초구 반포4동	1122060	1165058100	11650	11	서울특별시	서초구 반포4동	서초구	반포4동	반포4동	0.751977222
서울특별시 서초구 방배본동	1122061	1165059000	11650	11	서울특별시	서초구 방배본동	서초구	방배본동	방배본동	0.717348192
서울특별시 서초구 방배1동	1122062	1165060000	11650	11	서울특별시	서초구 방배1동	서초구	방배1동	방배1동	0.66337622
서울특별시 서초구 방배2동	1122063	1165061000	11650	11	서울특별시	서초구 방배2동	서초구	방배2동	방배2동	0.633055061
서울특별시 서초구 방배3동	1122064	1165062000	11650	11	서울특별시	서초구 방배3동	서초구	방배3동	방배3동	0.72251506
서울특별시 서초구 방배4동	1122065	1165062100	11650	11	서울특별시	서초구 방배4동	서초구	방배4동	방배4동	0.66479869
서울특별시 서초구 양재1동	1122066	1165065100	11650	11	서울특별시	서초구 양재1동	서초구	양재1동	양재1동	0.621913656
서울특별시 서초구 양재2동	1122067	1165065200	11650	11	서울특별시	서초구 양재2동	서초구	양재2동	양재2동	0.561726079
서울특별시 서초구 내곡동	1122068	1165066000	11650	11	서울특별시	서초구 내곡동	서초구	내곡동	내곡동	0.640681693
서울특별시 강남구 신사동	1123051	1168051000	11680	11	서울특별시	강남구 신사동	강남구	신사동	신사동	0.796817343
서울특별시 강남구 논현1동	1123052	1168052100	11680	11	서울특별시	강남구 논현1동	강남구	논현1동	논현1동	0.643711532
서울특별시 강남구 논현2동	1123053	1168053100	11680	11	서울특별시	강남구 논현2동	강남구	논현2동	논현2동	0.724976015
서울특별시 강남구 압구정동	1123077	1168054500	11680	11	서울특별시	강남구 압구정동	강남구	압구정동	압구정동	0.88096399
서울특별시 강남구 청담동	1123078	1168056500	11680	11	서울특별시	강남구 청담동	강남구	청담동	청담동	0.800286214
서울특별시 강남구 삼성1동	1123058	1168058000	11680	11	서울특별시	강남구 삼성1동	강남구	삼성1동	삼성1동	0.772340118
서울특별시 강남구 삼성2동	1123059	1168059000	11680	11	서울특별시	강남구 삼성2동	강남구	삼성2동	삼성2동	0.734262809
서울특별시 강남구 대치1동	1123060	1168060000	11680	11	서울특별시	강남구 대치1동	강남구	대치1동	대치1동	0.848129239
서울특별시 강남구 대치2동	1123079	1168061000	11680	11	서울특별시	강남구 대치2동	강남구	대치2동	대치2동	0.809624223
서울특별시 강남구 대치4동	1123063	1168063000	11680	11	서울특별시	강남구 대치4동	강남구	대치4동	대치4동	0.656596726
서울특별시 강남구 역삼1동	1123064	1168064000	11680	11	서울특별시	강남구 역삼1동	강남구	역삼1동	역삼1동	0.643531455
서울특별시 강남구 역삼2동	1123065	1168065000	11680	11	서울특별시	강남구 역삼2동	강남구	역삼2동	역삼2동	0.735968195
서울특별시 강남구 도곡1동	1123066	1168065500	11680	11	서울특별시	강남구 도곡1동	강남구	도곡1동	도곡1동	0.740551493
서울특별시 강남구 도곡2동	1123067	1168065600	11680	11	서울특별시	강남구 도곡2동	강남구	도곡2동	도곡2동	0.845281916
서울특별시 강남구 개포1동	1123068	1168066000	11680	11	서울특별시	강남구 개포1동	강남구	개포1동	개포1동	0.786402967
서울특별시 강남구 개포2동	1123080	1168067000	11680	11	서울특별시	강남구 개포2동	강남구	개포2동	개포2동	0.78073439
서울특별시 강남구 개포4동	1123071	1168069000	11680	11	서울특별시	강남구 개포4동	강남구	개포4동	개포4동	0.675909879
서울특별시 강남구 세곡동	1123076	1168070000	11680	11	서울특별시	강남구 세곡동	강남구	세곡동	세곡동	0.602224337
서울특별시 강남구 일원본동	1123072	1168072000	11680	11	서울특별시	강남구 일원본동	강남구	일원본동	일원본동	0.703114421
서울특별시 강남구 일원1동	1123073	1168073000	11680	11	서울특별시	강남구 일원1동	강남구	일원1동	일원1동	0.620052116
서울특별시 강남구 일원2동	1123074	1168074000	11680	11	서울특별시	강남구 일원2동	강남구	일원2동	일원2동	0.686180222
서울특별시 강남구 수서동	1123075	1168075000	11680	11	서울특별시	강남구 수서동	강남구	수서동	수서동	0.642311151
서울특별시 송파구 풍납1동	1124051	1171051000	11710	11	서울특별시	송파구 풍납1동	송파구	풍납1동	풍납1동	0.572484114
서울특별시 송파구 풍납2동	1124052	1171052000	11710	11	서울특별시	송파구 풍납2동	송파구	풍납2동	풍납2동	0.611519102
서울특별시 송파구 거여1동	1124053	1171053100	11710	11	서울특별시	송파구 거여1동	송파구	거여1동	거여1동	0.574926391
서울특별시 송파구 거여2동	1124054	1171053200	11710	11	서울특별시	송파구 거여2동	송파구	거여2동	거여2동	0.569567851
서울특별시 송파구 마천1동	1124055	1171054000	11710	11	서울특별시	송파구 마천1동	송파구	마천1동	마천1동	0.558136412
서울특별시 송파구 마천2동	1124056	1171055000	11710	11	서울특별시	송파구 마천2동	송파구	마천2동	마천2동	0.53392386
서울특별시 송파구 방이1동	1124057	1171056100	11710	11	서울특별시	송파구 방이1동	송파구	방이1동	방이1동	0.60637808
서울특별시 송파구 방이2동	1124058	1171056200	11710	11	서울특별시	송파구 방이2동	송파구	방이2동	방이2동	0.560633001
서울특별시 송파구 오륜동	1124059	1171056600	11710	11	서울특별시	송파구 오륜동	송파구	오륜동	오륜동	0.770438755
서울특별시 송파구 오금동	1124060	1171057000	11710	11	서울특별시	송파구 오금동	송파구	오금동	오금동	0.619027835
서울특별시 송파구 송파1동	1124061	1171058000	11710	11	서울특별시	송파구 송파1동	송파구	송파1동	송파1동	0.567776408
서울특별시 송파구 송파2동	1124062	1171059000	11710	11	서울특별시	송파구 송파2동	송파구	송파2동	송파2동	0.658105342
서울특별시 송파구 석촌동	1124063	1171060000	11710	11	서울특별시	송파구 석촌동	송파구	석촌동	석촌동	0.542054143
서울특별시 송파구 삼전동	1124064	1171061000	11710	11	서울특별시	송파구 삼전동	송파구	삼전동	삼전동	0.532675533
서울특별시 송파구 가락본동	1124065	1171062000	11710	11	서울특별시	송파구 가락본동	송파구	가락본동	가락본동	0.624040119
서울특별시 송파구 가락1동	1124066	1171063100	11710	11	서울특별시	송파구 가락1동	송파구	가락1동	가락1동	0.730337079
서울특별시 송파구 가락2동	1124067	1171063200	11710	11	서울특별시	송파구 가락2동	송파구	가락2동	가락2동	0.631359362
서울특별시 송파구 문정1동	1124068	1171064100	11710	11	서울특별시	송파구 문정1동	송파구	문정1동	문정1동	0.626943942
서울특별시 송파구 문정2동	1124069	1171064200	11710	11	서울특별시	송파구 문정2동	송파구	문정2동	문정2동	0.721308132
서울특별시 송파구 장지동	1124081	1171064600	11710	11	서울특별시	송파구 장지동	송파구	장지동	장지동	0.559364659
서울특별시 송파구 위례동	1124082	1171064700	11710	11	서울특별시	송파구 위례동	송파구	위례동	위례동	0.598650169
서울특별시 송파구 잠실본동	1124071	1171065000	11710	11	서울특별시	송파구 잠실본동	송파구	잠실본동	잠실본동	0.572210326
서울특별시 송파구 잠실2동	1124079	1171067000	11710	11	서울특별시	송파구 잠실2동	송파구	잠실2동	잠실2동	0.73520111
서울특별시 송파구 잠실3동	1124080	1171068000	11710	11	서울특별시	송파구 잠실3동	송파구	잠실3동	잠실3동	0.777388064
서울특별시 송파구 잠실4동	1124075	1171069000	11710	11	서울특별시	송파구 잠실4동	송파구	잠실4동	잠실4동	0.738793181
서울특별시 송파구 잠실6동	1124077	1171071000	11710	11	서울특별시	송파구 잠실6동	송파구	잠실6동	잠실6동	0.753069859
서울특별시 송파구 잠실7동	1124078	1171072000	11710	11	서울특별시	송파구 잠실7동	송파구	잠실7동	잠실7동	0.803955974
서울특별시 강동구 강일동	1125051	1174051500	11740	11	서울특별시	강동구 강일동	강동구	강일동	강일동	0.512901989
서울특별시 강동구 상일동	1125052	1174052000	11740	11	서울특별시	강동구 상일동	강동구	상일동	상일동	0.635917884
서울특별시 강동구 명일1동	1125053	1174053000	11740	11	서울특별시	강동구 명일1동	강동구	명일1동	명일제1동	0.640260681
서울특별시 강동구 명일2동	1125054	1174054000	11740	11	서울특별시	강동구 명일2동	강동구	명일2동	명일제2동	0.6553814
서울특별시 강동구 고덕1동	1125055	1174055000	11740	11	서울특별시	강동구 고덕1동	강동구	고덕1동	고덕제1동	0.624307565
서울특별시 강동구 고덕2동	1125056	1174056000	11740	11	서울특별시	강동구 고덕2동	강동구	고덕2동	고덕제2동	0.671264158
서울특별시 강동구 암사1동	1125072	1174057000	11740	11	서울특별시	강동구 암사1동	강동구	암사1동	암사제1동	0.56454863
서울특별시 강동구 암사2동	1125058	1174058000	11740	11	서울특별시	강동구 암사2동	강동구	암사2동	암사제2동	0.582052441
서울특별시 강동구 암사3동	1125059	1174059000	11740	11	서울특별시	강동구 암사3동	강동구	암사3동	암사제3동	0.634982152
서울특별시 강동구 천호1동	1125061	1174060000	11740	11	서울특별시	강동구 천호1동	강동구	천호1동	천호제1동	0.563808926
서울특별시 강동구 천호2동	1125073	1174061000	11740	11	서울특별시	강동구 천호2동	강동구	천호2동	천호제2동	0.559139077
서울특별시 강동구 천호3동	1125063	1174062000	11740	11	서울특별시	강동구 천호3동	강동구	천호3동	천호제3동	0.574562121
서울특별시 강동구 성내1동	1125065	1174064000	11740	11	서울특별시	강동구 성내1동	강동구	성내1동	성내제1동	0.565375184
서울특별시 강동구 성내2동	1125066	1174065000	11740	11	서울특별시	강동구 성내2동	강동구	성내2동	성내제2동	0.563679677
서울특별시 강동구 성내3동	1125067	1174066000	11740	11	서울특별시	강동구 성내3동	강동구	성내3동	성내제3동	0.563437926
서울특별시 강동구 길동	1125074	1174068500	11740	11	서울특별시	강동구 길동	강동구	길동	길동	0.586320961
서울특별시 강동구 둔촌1동	1125070	1174069000	11740	11	서울특별시	강동구 둔촌1동	강동구	둔촌1동		
서울특별시 강동구 둔촌2동	1125071	1174070000	11740	11	서울특별시	강동구 둔촌2동	강동구	둔촌2동	둔촌제2동	0.602919708
